email,first_name,last_name,opens,clicks,address,phone_number,birthday,company,submitted_by,submitting_office,job_title,department,corporate_phone_number,linkedin_profile_url,company_website,ciudad,estado_provincia,pa_s,industry_classification_codes
Aisha.Allen@flagstonefoods.com,Aisha,Allen,0,0,,,,Flagstone Foods LLC - Robersonville,,,,,,,,,,,
Alejandro.Espinosa@bunge.com,Alejandro,Espinosa,1,0,,,,"Bunge North America, Inc.",,,,,,,,,,,
Alison.Carder@frozenspecialties.com,Alison,Carder,0,0,,,,"Frozen Specialties, Inc.",,,,,,,,,,,
Amanda.Lockwood@us.indorama.net,Amanda,Lockwood,0,0,,,,Indorama Ventures Oxides LLC,,,,,,,,,,,
Ana.Cristina.Hernandez.Miranda@us.indorama.net,Ana Cristina,Hernandez Miranda,0,0,,,,"Oxiteno USA, LLC",,,,,,,,,,,
Anna.Awlgood@treehousefoods.com,Anna,Awlgood,0,0,,,,"Bay Valley Foods, LLC, a wholly owned, direct subsidiary of TreeHouse Foods, Inc. (Wayland)",,,,,,,,,,,
Barry.Robinson@tateandlyle.com,Barry,Robinson,0,0,,,,Tate & Lyle,,,,,,,,,,,
Carey_Uniacke@Cargill.com,Carey,Uniacke,0,0,,,,"Cargill Cocoa and Chocolate, Inc.",,,,,,,,,,,
Carlos.guardia@scgc.org,Carlos,Guardia,0,0,,,,Sugar Cane Growers,,,,,,,,,,,
Carol.inskeep@icofgroup.com,Carol,Inskeep,0,0,,,,ICOF America Inc.,,,,,,,,,,,
Carolyn.obrien@grupobimbo.com,Carolyn,Obrien,0,0,,,,"Canada Bread Company, Limited (DBA Bimbo Canada)",,,,,,,,,,,
Chandana.Konidala@voyantbeauty.com,Chandana,Konidala,0,0,,,,"Voyant Beauty, Inc.",,,,,,,,,,,
Chrisdipiazza@leonardnoveltybakery.com,Chrisdipiazza,,0,0,,,,Royal Baking Corp (Leonard Bakery),,,,,,,,,,,
Connor.Loops@treehousefoods.com,Connor,Loops,0,0,,,,"TreeHouse Foods Inc. – Tonawanda, NY",,,,,,,,,,,
Craig.robinson@us.wilmar-intl.com,Craig,Robinson,0,0,,,,Wilmar Oleo North America LLC,,,,,,,,,,,
Crystal@snackwerks.com,Crystal,,0,0,,,,Snackwerks,,,,,,,,,,,
DTILLERY@VENTURAFOODS.com,Dtillery,,0,0,,,,"Ventura Foods, LLC",,,,,,,,,,,
Emily_Reinhold@campbells.com,Emily,Reinhold,3,0,,,,Campbell Soup Company c/o Pepperidge Farm Inc.,,,,,,,,,,,
Gene.BonferIII@conagra.com,Gene,Bonferiii,0,0,,,,Conagra Brands Indianapolis,,,,,,,,,,,
HMartin@cvoils.com,Hmartin,,0,0,,,,Columbus Vegetable Oils,,,,,,,,,,,
JDevance@puresfood.com,Jdevance,,0,0,,,,"Pure s Food Specialties, LLC",,,,,,,,,,,
JMiles@ethox.com,Jmiles,,0,0,,,,Ethox Chemicals LLC,,,,,,,,,,,
JWhite@peakfoods.com,Jwhite,,2,0,,,,"Peak Foods, LLC",,,,,,,,,,,
Jamie.Lee@conagra.com,Jamie,Lee,0,0,,,,ConAgra Foods - Louisville,,,,,,,,,,,
Janice.Sheppard@vantagegrp.com,Janice,Sheppard,0,0,,,,Vantage Performance Materials,,,,,,,,,,,
Jim@snackwerks.com,Jim,,0,0,,,,Snackwerks,,,,,,,,,,,
Joseph.Krilcich@conagra.com,Joseph,Krilcich,0,0,,,,"ConAgra Brands, Inc.- Henning, IL",,,,,,,,,,,
Josh@brooklynbrands.com,Josh,,0,0,,,,Brooklyn Brands Inc.,,,,,,,,,,,
Juan.Diaz@floridacrystals.com,Juan,Diaz,0,0,,,,Okeelanta Corporation,,,,,,,,,,,
Ka.Tomioka@mitsui.com,Ka,Tomioka,0,0,,,,"Mitsui & Co.(U.S.A), Inc.",,,,,,,,,,,
Kathleen.Keough@bunge.com,Kathleen,Keough,0,0,,,,"Loders Croklaan USA, LLC",,,,,,,,,,,
Kayla.Derr@treehousefoods.com,Kayla,Derr,0,0,,,,"Bay Valley Foods, LLC, a wholly owned, direct subsidiary of TreeHouse Foods, Inc. (Pecatonica)",,,,,,,,,,,
Kimberly.Madara@treehousefoods.com,Kimberly,Madara,0,0,,,,"TreeHouse Foods, Inc. - (Lancaster)",,,,,,,,,,,
Kraig.bergmann@continentalmills.com,Kraig,Bergmann,0,0,,,,"Continental Mills, Inc.",,,,,,,,,,,
LLeontyeva@lavo.ca,Lleontyeva,,1,0,,,,KIK HOLDCO Company Inc. dba Lavo,,,,,,,,,,,
Len@leonardnoveltybakery.com,Len,,0,0,,,,Royal Baking Corp (Leonard Bakery),,,,,,,,,,,
LexA@protameen.com,Lexa,,0,0,,,,"Protameen Chemicals, Inc",,,,,,,,,,,
Marty.walters@cavendishfarms.com,Marty,Walters,0,0,,,,Cavendish Farms,,,,,,,,,,,
Michael.Herbrand@ORNUA.COM,Michael,Herbrand,0,0,,,,Ornua (Whitehall) Ingredients Inc.,,,,,,,,,,,
Michael_emard@campbells.com,Michael,Emard,0,0,,,,Campbell Soup Company c/o Pepperidge Farm Inc.,,,,,,,,,,,
Mohan.Balmoori@treehousefoods.com,Mohan,Balmoori,0,0,,,,"TreeHouse Foods, Inc. (Ogden)",,,,,,,,,,,
Mrahman@newseasonfoods.com,Mrahman,,0,0,,,,"New Season Foods, Inc.",,,,,,,,,,,
NupoorPrasad_Birje@sugarbowlbakery.com,Nupoorprasad,Birje,0,0,,,,Ly Brothers Sugar Bowl,,,,,,,,,,,
Pardeepinder.Brar@kellogg.com,Pardeepinder,Brar,0,0,,,,Kellanova,,,,,,,,,,,
Rachel.Klingenmeier@treehousefoods.com,Rachel,Klingenmeier,0,0,,,,BFG Canada Ltd. - GEORGETOWN,,,,,,,,,,,
Ramona@snackwerks.com,Ramona,,0,0,,,,Snackwerks,,,,,,,,,,,
Rubbia.iqbal@winlandfoods.com,Rubbia,Iqbal,0,0,,,,"Associated Brands, Inc., A Winland Foods Inc. Company",,,,,,,,,,,
SChekir@lavo.ca,Schekir,,1,0,,,,KIK HOLDCO Company Inc. dba Lavo,,,,,,,,,,,
SLangston@BALCHEM.COM,Slangston,,0,0,,,,Balchem Corporation,,,,,,,,,,,
SStory@zorocopackaging.com,Sharone,Story,0,0,,,,"ZoRoCo Packaging, Inc.",,,,,,,,,,,
Tania.Ayala@bunge.com,Tania,Ayala,0,0,,,,"Bunge Oils, Inc.",,,,,,,,,,,
Teymour.Ismailov@bunge.com,Teymour,Ismailov,0,0,,,,"Loders Croklaan USA, LLC",,,,,,,,,,,
Trudy.Slagle@lambweston.com,Trudy,Slagle,0,0,,,,"Lamb Weston Holdings, Inc.",,,,,,,,,,,
Will.Phillips@furlanifoods.com,Will,Phillips,1,8,,,,Furlani Foods LLC,,,,,,,,,,,
a.clements@cremeroleo.com,A,Clements,1,0,,,,"Peter Cremer North America, LP",,,,,,,,,,,
a.manion@americancolors.com,A,Manion,0,0,,,,American Colors,,,,,,,,,,,
acesaretti@hallstar.com,Acesaretti,,0,0,,,,The HallStar Company,,,,,,,,,,,
achechi@mariani.com,Achechi,,0,0,,,,Mariani Packing Company,,,,,,,,,,,
adam.schuman@cqc.com,Adam,Schuman,1,0,,,,"Clasen Quality Chocolate, Inc.",,,,,,,,,,,
adam.sessions@treehousefoods.com,Adam,Sessions,0,0,,,,"TreeHouse Foods, Inc. - Princeton",,,,,,,,,,,
adave@dessertholdings.com,Adave,,0,0,,,,Dessert Holdings Canada Ltd  (The Original Cakerie),,,,,,,,,,,
agrauer@ussugar.com,Agrauer,,0,0,,,,US Sugar Corporation,,,,,,,,,,,
ahigginssanner@jbssinc.com,Ahigginssanner,,1,0,,,,"John B. Sanfilippo & Son, Inc. Lakeville, MN",,,,,,,,,,,
alan@zc-inc.com,Alan,,0,0,,,,"Zachary Confections, Inc.",,,,,,,,,,,
alexandra.haan@perdue.com,Alexandra,Haan,1,1,,,,Perdue Agribusiness LLC,,,,,,,,,,,
alexis@protameen.com,Alexis,,0,0,,,,"Protameen Chemicals, Inc",,,,,,,,,,,
alison.elzinga@kellanova.com,Alison,Elzinga,0,0,,,,Kellanova,,,,,,,,,,,
allison.moon@danone.com,Allison,Moon,0,0,,,,"Danone US, LLC.",,,,,,,,,,,
alyssa.roberts@dawnfoods.com,Alyssa,Roberts,3,0,,,,"Dawn Foods, Inc.",,,,,,,,,,,
amanda.kaiser-velazquez@roskamfoods.com,Amanda,Kaiser-velazquez,3,0,,,,Breakfast and Snack Food Manufacturing Acquisition LLC,,,,,,,,,,,
amyr@richmondbaking.com,Amyr,,0,0,,,,Richmond Baking,,,,,,,,,,,
andre.dequardo@furlanifoods.com,Andre,Dequardo,1,8,,,,Furlani Foods LLC,,,,,,,,,,,
andrea.adams@conagra.com,Andrea,Adams,0,0,,,,Conagra Brands Inc - Humboldt Site,,,,,,,,,,,
anissa.bramhall@krusteaz.com,Anissa,Bramhall,1,0,,,,"Continental Mills, Inc.",,,,,,,,,,,
anna.istkott@us.indorama.net,Anna,Istkott,0,0,,,,Indorama Ventures Oxides LLC,,,,,,,,,,,
anna.strohbehn@conagra.com,Anna,Strohbehn,0,0,,,,"ConAgra Foods Inc. - Waterloo, IA",,,,,,,,,,,
apowell@hallstar.com,Apowell,,0,0,,,,The HallStar Company,,,,,,,,,,,
asalerni@ussugar.com,Asalerni,,0,0,,,,US Sugar Corporation,,,,,,,,,,,
ashley.hoover@aspirebakeries.com,Ashley,Hoover,0,0,,,,Aspire Bakeries,,,,,,,,,,,
bade.tonyali@conagra.com,Bade,Tonyali,0,0,,,,"ConAgra Brands, Inc.- Henning, IL",,,,,,,,,,,
bailie.shultz@saputo.com,Bailie,Shultz,0,0,,,,Saputo Inc.,,,,,,,,,,,
bbina@gehlfoods.com,Bbina,,0,0,,,,"Gehl Foods, LLC",,,,,,,,,,,
berenice.gonzalez@chaletdesserts.com,Berenice,Gonzalez,0,0,,,,Chalet Desserts,,,,,,,,,,,
bportteus@craftmarkbakery.com,Bportteus,,1,0,,,,CraftMark Bakery LLC,,,,,,,,,,,
carol.fuson@postholdings.com,Carol,Fuson,0,0,,,,"Post Holdings, Inc.",,,,,,,,,,,
cbraman@harlanbakeries.com,Cbraman,,1,0,,,,Harlan Bakeries Edmonton L.P.,,,,,,,,,,,
cbryant@stepan.com,Cbryant,,0,0,,,,Stepan Company,,,,,,,,,,,
charlie.clodfelter@conagra.com,Charlie,Clodfelter,0,0,,,,Conagra Brands - Hamburg,,,,,,,,,,,
christine.maltais@leclerc.ca,Christine,Maltais,0,0,,,,Groupe Biscuits Leclerc Inc.,,,,,,,,,,,
ckum@dessertholdings.com,Ckum,,0,0,,,,Dessert Holdings Canada Ltd  (The Original Cakerie),,,,,,,,,,,
claire.savage@postholdings.com,Claire,Savage,0,0,,,,"Post Holdings, Inc.",,,,,,,,,,,
crystal.hill@milliken.com,Crystal,Hill,2,0,,,,"Encapsys, LLC",,,,,,,,,,,
csassistant@daabonusa.com,Csassistant,,1,0,,,,Daabon Organic USA,,,,,,,,,,,
cwillis@westmadisonfoods.com,Cwillis,,0,0,,,,West Madison Foods,,,,,,,,,,,
david_lancaster@cargill.com,David,Lancaster,0,0,,,,Cargill Incorporated,,,,,,,,,,,
dawn.ledford@vantagegrp.com,Dawn,Ledford,0,0,,,,"Vantage Specialty Ingredients, Inc - OH",,,,,,,,,,,
debbies@ninthavenuefoods.com,Debbies,,0,0,,,,Ninth Avenue Foods,,,,,,,,,,,
denise.kuhn@alamancefoods.com,Denise,Kuhn,0,0,,,,"Alamance Foods, Inc.",,,,,,,,,,,
dgordian@rovira.com,Dgordian,,0,0,,,,Rovira Biscuits,,,,,,,,,,,
diannecosta@imcdca.com,Diannecosta,,0,0,,,,IMCD Canada Limited,,,,,,,,,,,
doug@colonialchem.com,Doug,,1,0,,,,"Colonial Chemical, Inc.",,,,,,,,,,,
drew@customsynthesis.net,Drew,,0,0,,,,"Custom Synthesis, LLC",,,,,,,,,,,
dwight.thomas@treehousefoods.com,Dwight,Thomas,1,0,,,,TreeHouse Foods Inc. Carrollton,,,,,,,,,,,
elizabeth.eynon-way@deweys.com,Elizabeth,Eynon-way,0,0,,,,Dewey's Bakery Inc.,,,,,,,,,,,
elizabeth.moreno@chaletdesserts.com,Elizabeth,Moreno,1,0,,,,Chalet Desserts,,,,,,,,,,,
emeima@daabonusa.com,Emeima,,0,0,,,,Daabon Organic USA,,,,,,,,,,,
emma.pack@vantagegrp.com,Emma,Pack,0,0,,,,"Vantage Specialty Ingredients, Inc - OH",,,,,,,,,,,
eric.carr@lambweston.com,Eric,Carr,0,0,,,,"Lamb Weston Holdings, Inc.",,,,,,,,,,,
erinehart@peakfoods.com,Erinehart,,0,0,,,,"Peak Foods, LLC",,,,,,,,,,,
eruiz@hinesnutcompany.com,Eruiz,,0,0,,,,Hines Nut Company,,,,,,,,,,,
fabio.quitian@asr-group.com,Fabio,Quitian,0,0,,,,Belize Sugar Industries,,,,,,,,,,,
fehrenhauser@ussugar.com,Fehrenhauser,,0,0,,,,US Sugar Corporation,,,,,,,,,,,
foram.vyas01@grupobimbo.com,Foram,Vyas01,0,0,,,,Bimbo Bakehouse Inc,,,,,,,,,,,
gconoboy@puresfood.com,Gconoboy,,0,0,,,,"Pure s Food Specialties, LLC",,,,,,,,,,,
gina.ingraham@treehousefoods.com,Gina,Ingraham,0,0,,,,"TreeHouse Foods, Inc. - (Forest Park)",,,,,,,,,,,
gina.salvi@gkifoods.com,Gina,Salvi,0,0,,,,GKI Foods,,,,,,,,,,,
h.kosaka@mitsui.com,H,Kosaka,0,0,,,,"Mitsui & Co.(U.S.A), Inc.",,,,,,,,,,,
herman.katopo@furlanifoods.com,Herman,Katopo,5,8,,,,Furlani Foods Corporation,,,,,,,,,,,
hknapp@shinetsua.com,Hknapp,,0,0,,,,Shin-Etsu Silicones of America,,,,,,,,,,,
hope_villatuya@sugarbowlbakery.com,Hope,Villatuya,0,0,,,,Ly Brothers Sugar Bowl,,,,,,,,,,,
hphillips@daddyrays.com,Hphillips,,0,0,,,,J & J Snack Foods,,,,,,,,,,,
hsolis@overhillfarms.com,Hsolis,,0,0,,,,"Overhill Farms, Inc",,,,,,,,,,,
hugo@americanspecialtyoils.com,Hugo,,2,0,,,,ASAO LLC,,,,,,,,,,,
iborges@koboproductsinc.com,Iborges,,0,0,,,,Kobo Products Inc.,,,,,,,,,,,
iobranski@venturafoods.com,Iobranski,,0,0,,,,Ventura Foods Canada ULC,,,,,,,,,,,
izael.pott@asr-group.com,Izael,Pott,0,0,,,,Belize Sugar Industries,,,,,,,,,,,
j.heimkreiter@cremeroleo.com,J,Heimkreiter,0,0,,,,"Peter Cremer North America, LP",,,,,,,,,,,
jablack@dfamilk.com,Jablack,,0,0,,,,Dairy Farmers of America,,,,,,,,,,,
jami.brock@krusteaz.com,Jami,Brock,0,0,,,,"Continental Mills, Inc.",,,,,,,,,,,
jane.monfre@winlandfoods.com,Jane,Monfre,0,0,,,,"Associated Brands, Inc., A Winland Foods Inc. Company",,,,,,,,,,,
janny@bcwilliams.com,Janny,,0,0,,,,BCW Food Products Inc.,,,,,,,,,,,
jarvis.jm@pg.com,Jarvis,Jm,0,0,,,,Procter & Gamble,,,,,,,,,,,
jenny.boettcher@treehousefoods.com,Jenny,Boettcher,0,0,,,,"Sturm Foods, Inc",,,,,,,,,,,
jeremy.bourque@arlanxeo.com,Jeremy,Bourque,0,0,,,,Arlanxeo Canada Inc.,,,,,,,,,,,
jmalave@rovira.com,Josue,Malave Orengo,0,0,,,,Rovira Biscuits,,,,,,,,,,,
jmaliwanag@nissinfoods.com,Jmaliwanag,,0,0,,,,"Nissin Foods (USA) Co., Inc",,,,,,,,,,,
jmcclendon@cvoils.com,Jmcclendon,,0,0,,,,Columbus Vegetable Oils,,,,,,,,,,,
jmedina@cstsoap.com,Jmedina,,0,0,,,,"Clean Products, LLC",,,,,,,,,,,
jmoules@sconzacandy.com,Jmoules,,0,0,,,,Sconza Candy Company,,,,,,,,,,,
jocelin.dodson@deweys.com,Jocelin,Dodson,0,0,,,,Dewey's Bakery Inc.,,,,,,,,,,,
joelle.moisan@leclerc.ca,Joelle,Moisan,0,0,,,,Groupe Biscuits Leclerc Inc.,,,,,,,,,,,
john.stanley@vantagegrp.com,John,Stanley,0,0,,,,Vantage Performance Materials,,,,,,,,,,,
joseph.ravinath@sinarmas-agri.com,Joseph,Ravinath,3,3,,,,Golden Agri-Resources USA Inc.,,,,,,,,,,,
jrubendall@stauffers.com,Jrubendall,,0,0,,,,"D.F. Stauffer Biscuit Co., Inc.",,,,,,,,,,,
jrudkin@nichebakers.com,Jrudkin,,0,0,,,,Niche Bakers Corp,,,,,,,,,,,
juli.stump@adm.com,Juli,Stump,0,0,,,,Archer Daniels Midland,,,,,,,,,,,
juvy.sudario@us.wilmar-intl.com,Juvy,Sudario,0,0,,,,Wilmar Oleo North America LLC,,,,,,,,,,,
karen.giesige@conagra.com,Karen,Giesige,0,0,,,,ConAgra Foods Inc.(Archbold),,,,,,,,,,,
kcohick@fsmei.com,Kcohick,,0,0,,,,Sugar Cane Growers,,,,,,,,,,,
kelsey.leinweber@treehousefoods.com,Kelsey,Leinweber,0,0,,,,BFG Canada Ltd. - GEORGETOWN,,,,,,,,,,,
keri.udvare@flagstonefoods.com,Keri,Udvare,0,0,,,,Flagstone Foods LLC - Robersonville,,,,,,,,,,,
kevin@brooklynbrands.com,Kevin,,0,0,,,,Brooklyn Brands Inc.,,,,,,,,,,,
kirandeep.kaur@imcdca.com,Kirandeep,Kaur,1,8,,,,IMCD Canada Limited,,,,,,,,,,,
kkubrick@morrisonlamothe.com,Kkubrick,,0,0,,,,Morrison Lamothe Inc,,,,,,,,,,,
kmcgrail@westmadisonfoods.com,Kmcgrail,,0,0,,,,West Madison Foods,,,,,,,,,,,
kyle.mick@milliken.com,Kyle,Mick,0,0,,,,"Encapsys, LLC",,,,,,,,,,,
laddala@stepan.com,Laddala,,0,0,,,,Stepan Company,,,,,,,,,,,
ldorsey@customsynthesis.net,Ldorsey,,0,0,,,,"Custom Synthesis, LLC",,,,,,,,,,,
leah.giese@ornua.com,Leah,Giese,0,0,,,,Ornua (Whitehall) Ingredients Inc.,,,,,,,,,,,
letty.montesdeoca@arwlgc.com,Letty,Montesdeoca,0,0,,,,"Arway Confections, Inc.",,,,,,,,,,,
lila.haddouche@grupobimbo.com,Lila,Haddouche,0,0,,,,Bimbo Bakeries USA Inc,,,,,,,,,,,
linda.boasmond@cedarconcepts.net,Linda,Boasmond,0,0,,,,Cedar Concepts Corporation,,,,,,,,,,,
lindsey.king@perdue.com,Lindsey,King,0,0,,,,Perdue Agribusiness LLC,,,,,,,,,,,
lisa.harris@thefatherstable.com,Lisa,Harris,0,0,,,,The Father's Table,,,,,,,,,,,
logan.wells@perfettivanmelle.com,Logan,Wells,0,0,,,,Perfetti Van Melle USA,,,,,,,,,,,
lparker@applevalleyfoods.com,Lparker,,0,0,,,,Apple Valley Foods Inc.,,,,,,,,,,,
ltranel@jjsnack.com,Ltranel,,0,0,,,,J & J Snack Foods,,,,,,,,,,,
luc.boulianne@ca.lactalis.com,Luc,Boulianne,0,0,,,,Lactalis,,,,,,,,,,,
lucyna.skowyra@gkitchens.com,Lucyna,Skowyra,1,0,,,,"Great Kitchens Food Company, Inc.",,,,,,,,,,,
luis.lima@scgc.org,Luis,Lima,0,0,,,,"Florida Sugar & Molasses Exchange, Inc",,,,,,,,,,,
m.hume@corbion.com,M,Hume,0,0,,,,Caravan dba Corbion,,,,,,,,,,,
margaret.walsh@patcoproducts.com,Margaret,Walsh,0,0,,,,Patco Products LLC,,,,,,,,,,,
mark.caudel@danone.com,Mark,Caudel,0,0,,,,"Danone US, LLC.",,,,,,,,,,,
maryellen.leverenz@bunge.com,Maryellen,Leverenz,0,0,,,,Bunge Canada,,,,,,,,,,,
matt.vanharen@roskamfoods.com,Matt,Vanharen,0,0,,,,Breakfast and Snack Food Manufacturing Acquisition LLC,,,,,,,,,,,
matthew.wallace@treehousefoods.com,Matthew,Wallace,0,0,,,,"TreeHouse Foods, Inc. (Ogden)",,,,,,,,,,,
mboris@bcwilliams.com,Mboris,,0,0,,,,BCW Food Products Inc.,,,,,,,,,,,
meghan.tompkins@corbion.com,Meghan,Tompkins,0,0,,,,Caravan dba Corbion,,,,,,,,,,,
meredith.koss@cqc.com,Meredith,Koss,0,0,,,,"Clasen Quality Chocolate, Inc.",,,,,,,,,,,
michelle.thompson@thefatherstable.com,Michelle,Thompson,0,0,,,,The Father's Table,,,,,,,,,,,
michelle_thren@cargill.com,Michelle,Thren,1,0,,,,"Cargill Cocoa and Chocolate, Inc.",,,,,,,,,,,
mikir.shah@grupobimbo.com,Mikir,Shah,0,0,,,,"Canada Bread Company, Limited (DBA Bimbo Canada)",,,,,,,,,,,
mina.benson@conagra.com,Mina,Benson,0,0,,,,"ConAgra Brands, Inc. - Menomonie",,,,,,,,,,,
miriam.navarro@grupobimbo.com,Miriam,Navarro,0,0,,,,"Canada Bread Company, Limited (DBA Bimbo Canada)",,,,,,,,,,,
mmero@stauffers.com,Mmero,,0,0,,,,"D.F. Stauffer Biscuit Co., Inc.",,,,,,,,,,,
mmeyer@craftmarkbakery.com,Mmeyer,,0,0,,,,CraftMark Bakery LLC,,,,,,,,,,,
mmuryn@turano.com,Mmuryn,,0,0,,,,Knead Dough Baking Company,,,,,,,,,,,
monique.miller@flocorp.com,Monique,Miller,0,0,,,,"Flowers Foods, Inc.",,,,,,,,,,,
mzally@fsmei.com,Mzally,,0,0,,,,"Florida Sugar & Molasses Exchange, Inc",,,,,,,,,,,
nadya@maudborup.com,Nadya,,0,0,,,,Maud Borup Le Center,,,,,,,,,,,
nancyh@lakecityfoods.com,Nancyh,,2,0,,,,Eden Manufacturing Co Ltd. t/a Lake City Foods,,,,,,,,,,,
nbanton@dfamilk.com,Nbanton,,0,0,,,,Dairy Farmers of America,,,,,,,,,,,
nicolas.chagnon@ca.lactalis.com,Nicolas,Chagnon,0,0,,,,Lactalis,,,,,,,,,,,
nicole.anesetti@vantagegrp.com,Nicole,Anesetti,0,0,,,,Mallet and Company,,,,,,,,,,,
nicole.brown@alamancefoods.com,Nicole,Brown,0,0,,,,"Alamance Foods, Inc.",,,,,,,,,,,
nicole.rohde@treehousefoods.com,Nicole,Rohde,1,0,,,,"Sturm Foods, Inc",,,,,,,,,,,
nicole.stockton@conagra.com,Nicole,Stockton,0,0,,,,"ConAgra Brands, Inc. - Menomonie",,,,,,,,,,,
nnala@hearthsidefoods.com,Nnala,,1,8,,,,"Hearthside Holdco, LLC (Interbake Canada)",,,,,,,,,,,
nsilva@sconzacandy.com,Nsilva,,0,0,,,,Sconza Candy Company,,,,,,,,,,,
ojglaser@hormel.com,Ojglaser,,0,0,,,,Creative Contract Packaging LLC,,,,,,,,,,,
pat.kenney@centralinvestment.com,Pat,Kenney,0,0,,,,GKI Foods,,,,,,,,,,,
patrickgaffney@hwgco.com,Patrickgaffney,,1,0,,,,"Harry W. Gaffney & Co., Inc.",,,,,,,,,,,
philip.tovar@bama.com,Philip,Tovar,0,0,,,,The Bama Companies,,,,,,,,,,,
pkande@niagarawater.com,Pkande,,0,0,,,,Niagara Bottling,,,,,,,,,,,
prunelle.paquette@saputo.com,Prunelle,Paquette,0,0,,,,Saputo Inc.,,,,,,,,,,,
psun@ussugar.com,Psun,,0,0,,,,US Sugar Corporation,,,,,,,,,,,
qasupervisor@cutrale.com,Qasupervisor,,0,0,,,,Cutrale Citrus Juices,,,,,,,,,,,
r.steelman@zschimmer-schwarz.com,R,Steelman,0,0,,,,"Zschimmer & Schwarz, Inc.",,,,,,,,,,,
raul.franco@treehousefoods.com,Raul,Franco,0,0,,,,Western Waffles Corporation - Treehouse Foods,,,,,,,,,,,
ray.theron@trc-corp.com,Ray,Theron,0,0,,,,Thames River Chemical Corp,,,,,,,,,,,
raymond.duncan@treehousefoods.com,Raymond,Duncan,0,0,,,,TreeHouse Foods Inc. Carrollton,,,,,,,,,,,
regulatory@fujioilusa.com,Regulatory,,3,0,,,,"Fuji Vegetable Oil, Inc.",,,,,,,,,,,
regulatory@trc-corp.com,Regulatory,,0,0,,,,Thames River Chemical Corp,,,,,,,,,,,
rich@palmercandy.com,Rich,,0,0,,,,Palmer and Company,,,,,,,,,,,
roshni.chaudhari@alamancefoods.com,Roshni,Chaudhari,0,0,,,,"Alamance Foods, Inc.",,,,,,,,,,,
rquiring@blommer.com,Rquiring,,1,0,,,,Blommer Chocolate,,,,,,,,,,,
rrosario@rovira.com,Rrosario,,0,0,,,,Rovira Biscuits,,,,,,,,,,,
rwataszko@nichebakers.com,Rwataszko,,0,0,,,,Niche Bakers Corp,,,,,,,,,,,
s.coleman@zschimmer-schwarz.com,S,Coleman,0,0,,,,"Zschimmer & Schwarz, Inc.",,,,,,,,,,,
s.scheffler@specialtyfoodgroup.com,S,Scheffler,0,0,,,,"Specialty Food Group, LLC",,,,,,,,,,,
sammy.moody@colonialchem.com,Sammy,Moody,0,0,,,,"Colonial Chemical, Inc.",,,,,,,,,,,
sarah.muncy@perfettivanmelle.com,Sarah,Muncy,0,0,,,,Perfetti Van Melle USA,,,,,,,,,,,
severyn.or@pg.com,Severyn,Or,0,0,,,,Procter & Gamble,,,,,,,,,,,
shamlette@koboproductsinc.com,Shamlette,,0,0,,,,Kobo Products Inc.,,,,,,,,,,,
shane.schultz@grupobimbo.com,Shane,Schultz,0,0,,,,Bimbo Bakeries USA Inc,,,,,,,,,,,
shanna.lively@stratasfoods.com,Shanna,Lively,0,0,,,,Stratas Foods,,,,,,,,,,,
shanna.manel@scgc.org,Shanna,Manel,0,0,,,,"Florida Sugar & Molasses Exchange, Inc",,,,,,,,,,,
shannon_kmetz@cargill.com,Shannon,Kmetz,0,0,,,,Cargill Global Edible Oil Solutions (GEOS) North America,,,,,,,,,,,
shawn.chavarria@asr-group.com,Shawn,Chavarria,0,0,,,,Belize Sugar Industries,,,,,,,,,,,
shreyas.viswanath@gkitchens.com,Shreyas,Viswanath,0,0,,,,"Great Kitchens Food Company, Inc.",,,,,,,,,,,
sjohnson@applevalleyfoods.com,Sjohnson,,0,0,,,,Apple Valley Foods Inc.,,,,,,,,,,,
sjoseph@morrisonlamothe.com,Sjoseph,,0,0,,,,Morrison Lamothe Inc,,,,,,,,,,,
smatthews@piedmontchemical.com,Smatthews,,0,0,,,,"Piedmont Chemical Industries I, LLC",,,,,,,,,,,
smkroeger@hormel.com,Smkroeger,,0,0,,,,Creative Contract Packaging LLC,,,,,,,,,,,
sschimidt@shinetsua.com,Sschimidt,,0,0,,,,Shin-Etsu Silicones of America,,,,,,,,,,,
stefanie_shilts@cargill.com,Stefanie,Shilts,0,0,,,,Cargill Global Edible Oil Solutions (GEOS) North America,,,,,,,,,,,
stellak@ninthavenuefoods.com,Stellak,,0,0,,,,Ninth Avenue Foods,,,,,,,,,,,
stephanie.fox-mcelroy@vantagegrp.com,Stephanie,Fox-mcelroy,0,0,,,,Vantage Oleochemicals,,,,,,,,,,,
steve.kubicki@sinarmas-agri.com,Steve,Kubicki,1,3,,,,Golden Agri-Resources USA Inc.,,,,,,,,,,,
steven.standafer@conagra.com,Steven,Standafer,0,0,,,,ConAgra Foods - Louisville,,,,,,,,,,,
suno@shinetsua.com,Suno,,0,0,,,,Shin-Etsu Silicones of America,,,,,,,,,,,
tawny.mcreynolds@fujioilusa.com,Tawny,Mcreynolds,1,0,,,,"Fuji Vegetable Oil, Inc.",,,,,,,,,,,
tborneman@hearthsidefoods.com,Tborneman,,1,8,,,,"Hearthside Holdco, LLC (Interbake Canada)",,,,,,,,,,,
theresa.alexander@patcoproducts.com,Theresa,Alexander,0,0,,,,Patco Products LLC,,,,,,,,,,,
theresa.anderson@conagra.com,Theresa,Anderson,0,0,,,,"Conagra Brands Inc – Rensselaer, IN",,,,,,,,,,,
tony.ngo@aspirebakeries.com,Tony,Ngo,0,0,,,,Aspire Bakeries,,,,,,,,,,,
trave@gehlfoods.com,Trave,,0,0,,,,"Gehl Foods, LLC",,,,,,,,,,,
ulla@palmercandy.com,Ulla,,0,0,,,,Palmer and Company,,,,,,,,,,,
una.roberts@treehousefoods.com,Una,Roberts,0,0,,,,BFG Canada - KITCHENER,,,,,,,,,,,
vgududuru@polyventive.com,Vgududuru,,0,0,,,,Polyventive LLC,,,,,,,,,,,
wsharpe@newseasonfoods.com,Wsharpe,,0,0,,,,"New Season Foods, Inc.",,,,,,,,,,,
zach.lampich@vantagegrp.com,Zach,Lampich,0,0,,,,Mallet and Company,,,,,,,,,,,
zineddine_belhouchet@barry-callebaut.com,Zineddine,Belhouchet,1,0,,,,Barry Callebaut USA LLC,,,,,,,,,,,
