-- ─────────────────────────────────────────────────────────────
-- seed/0003_social_may2026.sql — métricas reales Social Mayo 2026
-- (generado de src/data/socialSeed.js)
-- ─────────────────────────────────────────────────────────────
insert into public.social_metrics (client_id, period_id, impressions, clicks, engagement_rate, profile_visits, new_followers) values
  ('cul','m05',58168,6020,12.89,1007,400),
  ('cue','m05',8070,1846,20.13,117,61),
  ('cup','m05',1017,83,11.08,29,8),
  ('cun','m05',15377,9476,48.33,87,74),
  ('cuna','m05',2524,394,20.55,52,38),
  ('ps','m05',8723,1253,13.27,281,76),
  ('pia','m05',8376,1469,16.37,324,130),
  ('tlr','m05',652,291,52.12,10,4),
  ('bel','m05',1975,261,20.33,7,8)
on conflict (client_id, period_id) do nothing;

insert into public.social_posts (client_id, period_id, title, esg_pillar, impressions, engagement_rate, clicks, post_type, url) values
  ('cul','m05','#ControlUnionServices Perú — Buscamos Asistente de Certificaciones','S',10410,4.55,426,'Orgánico','https://www.linkedin.com/feed/update/urn:li:activity:7457503523971395584'),
  ('cul','m05','#ControlUnionServices Perú — Buscamos Certificador de Insumos Orgánicos','S',7898,3.15,218,'Orgánico','https://www.linkedin.com/feed/update/urn:li:activity:7457501428358463488'),
  ('cul','m05','#ControlUnionArgentina — Webinar ISO 14064 mañana: GHG en la práctica','E',5547,5.77,271,'Orgánico','https://www.linkedin.com/feed/update/urn:li:activity:7457799364720254976'),
  ('cul','m05','#ControlUnionArgentina — Cannabis medicinal: producir ya no alcanza','G',3257,10.68,278,'Orgánico','https://www.linkedin.com/feed/update/urn:li:activity:7457767323140100096'),
  ('cul','m05','#ControlUnionArgentina — Novedades clave sobre el EUDR (Reglamento de Deforestación)','E',3155,34.26,1054,'Orgánico','https://www.linkedin.com/feed/update/urn:li:activity:7457504452221243392'),
  ('cue','m05','Patrocinadores en el Andalusian Commodity Exchange — Control Union España','S',5497,30.78,1611,'Orgánico','https://www.linkedin.com/feed/update/urn:li:activity:7458177585940955136'),
  ('cue','m05','¿Por qué la certificación RSPO es clave hoy? Contexto y sostenibilidad','E',654,4.28,10,'Orgánico','https://www.linkedin.com/feed/update/urn:li:activity:7458055589781233664'),
  ('cue','m05','Nuevos factores de emisión del MITECO — ya disponibles','E',401,6.23,16,'Orgánico','https://www.linkedin.com/feed/update/urn:li:activity:7460636722146525184'),
  ('cue','m05','Control Union presente en Net Zero Tech 2026','E',296,3.04,4,'Orgánico','https://www.linkedin.com/feed/update/urn:li:activity:7459867471420973056'),
  ('cue','m05','¿Cuál era el reto crítico de la industria del aceite de palma? — ISO 9001','G',256,6.25,2,'Orgánico','https://www.linkedin.com/feed/update/urn:li:activity:7463483816486264832'),
  ('cup','m05','Control Union en la Feira ITF Intertex Porto — Sustentabilidade têxtil','E',427,8.43,17,'Orgánico','https://www.linkedin.com/feed/update/urn:li:activity:7460380951395708928'),
  ('cup','m05','Patrocinadores no Andalusian Commodity Exchange — Inspeções de commodities','S',289,23.18,56,'Orgánico','https://www.linkedin.com/feed/update/urn:li:activity:7460307341155028992'),
  ('cup','m05','Control Union speaker no World Tube Congress 2026 — CBAM e Packaging Waste','E',197,4.06,4,'Orgánico','https://www.linkedin.com/feed/update/urn:li:activity:7460584933116358657'),
  ('cup','m05','Quase 35 anos de experiência — Control Union Portugal em Bioenergia Avançada','E',104,8.65,6,'Orgánico','https://www.linkedin.com/feed/update/urn:li:activity:7461073927377809408'),
  ('cun','m05','Día del Trabajador — asado junto al equipo de Control Union Norte','S',11010,69.51,7549,'Orgánico','https://www.linkedin.com/feed/update/urn:li:activity:7457099894105911296'),
  ('cun','m05','76° Annual Sugar Club Banquet — industria azucarera NOA','S',5572,58.06,3078,'Orgánico','https://www.linkedin.com/feed/update/urn:li:activity:7462177442045030400'),
  ('cun','m05','Encuentro de Líderes Control Union Norte — Villa P','S',4629,81.53,3660,'Orgánico','https://www.linkedin.com/feed/update/urn:li:activity:7458537186678865920'),
  ('cun','m05','¿Tu empresa preparada para las nuevas exigencias de exportación?','G',670,4.78,25,'Orgánico','https://www.linkedin.com/feed/update/urn:li:activity:7462491004672274432'),
  ('cun','m05','Mercados internacionales: nuevos requisitos para exportadores','G',629,6.04,20,'Orgánico','https://www.linkedin.com/feed/update/urn:li:activity:7460060709008265216'),
  ('cuna','m05','Textiles Recycling Expo USA — Control Union (USDA Organic)','E',614,45.77,251,'Orgánico','https://www.linkedin.com/feed/update/urn:li:activity:7458548841810751488'),
  ('cuna','m05','Looking to access the U.S. organic market with confidence?','E',598,10.54,22,'Orgánico','https://www.linkedin.com/feed/update/urn:li:activity:7463344123324985345'),
  ('cuna','m05','#WeAreHiring — Senior Surveyor Sept-Iles Canada (Draft Survey)','S',393,6.36,20,'Orgánico','https://www.linkedin.com/feed/update/urn:li:activity:7463271328914075648'),
  ('cuna','m05','Luis Sánchez representing Control Union at international event','S',334,1.5,1,'Orgánico','https://www.linkedin.com/feed/update/urn:li:activity:7457104734781362176'),
  ('cuna','m05','Selling organic products in the U.S. market? USDA Organic certification','E',313,7.35,5,'Orgánico','https://www.linkedin.com/feed/update/urn:li:activity:7465749311335727105'),
  ('ps','m05','EUDR compliance: companies must prepare now — webinar series','E',2318,22.48,485,'Orgánico','https://www.linkedin.com/feed/update/urn:li:activity:7458074840361574400'),
  ('ps','m05','Data breaches & ISO 27001: organizations that demonstrate compliance win','G',1638,14.53,192,'Orgánico','https://www.linkedin.com/feed/update/urn:li:activity:7457380968778203136'),
  ('ps','m05','Peterson Solutions supporting Textiles in the System Transformation','E',1298,9.63,66,'Artículo','https://www.linkedin.com/feed/update/urn:li:activity:7459976291778330624'),
  ('ps','m05','The future of textile sustainability is verified data — not storytelling','E',854,50.23,408,'Orgánico','https://www.linkedin.com/feed/update/urn:li:activity:7459989760179355649'),
  ('ps','m05','Peterson Solutions Academy — Conference Los Angeles, Rodene Dye e Inés Coll','S',821,2.8,11,'Orgánico','https://www.linkedin.com/feed/update/urn:li:activity:7458511315742035970'),
  ('pia','m05','Peterson Solutions Iberia — Pasaporte Digital Baterías EUBR (Congreso Autoconsumo)','G',2860,39.27,1046,'Orgánico','https://www.linkedin.com/feed/update/urn:li:activity:7458490675764850688'),
  ('pia','m05','347 asistentes. 16 países. ¿Está tu empresa lista para el EUDR?','E',1368,14.33,185,'Orgánico','https://www.linkedin.com/feed/update/urn:li:activity:7458071318651944960'),
  ('pia','m05','Peterson Solutions en Fastmarkets Biofuels Americas 2026 — GHG CI scores','E',617,43.6,253,'Orgánico','https://www.linkedin.com/feed/update/urn:li:activity:7465404663954165763'),
  ('pia','m05','Peterson Solutions España — participación en evento de sostenibilidad','E',441,20.63,53,'Orgánico','https://www.linkedin.com/feed/update/urn:li:activity:7465754288280174592'),
  ('pia','m05','Peterson Solutions en Sustainable Apparel & Textiles Conference USA 2026','E',432,21.53,74,'Orgánico','https://www.linkedin.com/feed/update/urn:li:activity:7465388833912774656'),
  ('tlr','m05','¡Inicia la temporada de Jengibre! — Fosetil-Aluminio análisis LC-MS/MS A2LA','E',322,72.36,229,'Orgánico','https://www.linkedin.com/feed/update/urn:li:activity:7457818554281844737'),
  ('tlr','m05','TLR presente en la III Convención Internacional del Jengibre — Pichanaki 2026','E',227,8.37,14,'Orgánico','https://www.linkedin.com/feed/update/urn:li:activity:7462145614085214208'),
  ('tlr','m05','Sanidad vegetal: el éxito reside en la precisión — Día Internacional','E',88,6.82,3,'Orgánico','https://www.linkedin.com/feed/update/urn:li:activity:7460045840330575872'),
  ('bel','m05','US delegates to ISO TC 238 — Berlin Germany, pyrogenic biocarbon standards','G',1515,7.26,67,'Orgánico','https://www.linkedin.com/feed/update/urn:li:activity:7457051485890093056');

insert into public.social_audience (client_id, dimension, label, value) values
  ('cul','seniority','Sin experiencia',8219),
  ('cul','seniority','Con experiencia',7700),
  ('cul','seniority','Gerente',2492),
  ('cul','seniority','Director',1334),
  ('cul','seniority','Vicepresidente',630),
  ('cul','seniority','Directivo',477),
  ('cul','seniority','Propietario',430),
  ('cul','seniority','Socio',291),
  ('cul','function','Operaciones',3383),
  ('cul','function','Desarrollo empresarial',2465),
  ('cul','function','Ventas',1633),
  ('cul','function','Contabilidad',1216),
  ('cul','function','TI',1080),
  ('cul','function','Administración',1045),
  ('cul','function','Finanzas',982),
  ('cul','function','Control calidad',972),
  ('cue','seniority','Sin experiencia',546),
  ('cue','seniority','Con experiencia',498),
  ('cue','seniority','Gerente',157),
  ('cue','seniority','Director',142),
  ('cue','seniority','Vicepresidente',38),
  ('cue','seniority','Directivo',30),
  ('cue','seniority','Propietario',24),
  ('cue','seniority','Socio',17),
  ('cue','function','Operaciones',183),
  ('cue','function','Control calidad',154),
  ('cue','function','Desarrollo empresarial',152),
  ('cue','function','Contabilidad',107),
  ('cue','function','Ventas',83),
  ('cue','function','TI',76),
  ('cue','function','Ingeniería',75),
  ('cue','function','Gestión proyectos',52),
  ('cup','seniority','Con experiencia',307),
  ('cup','seniority','Sin experiencia',261),
  ('cup','seniority','Gerente',94),
  ('cup','seniority','Director',85),
  ('cup','seniority','Directivo',31),
  ('cup','seniority','Vicepresidente',29),
  ('cup','seniority','Propietario',20),
  ('cup','seniority','Socio',13),
  ('cup','function','Desarrollo empresarial',118),
  ('cup','function','Operaciones',114),
  ('cup','function','Contabilidad',53),
  ('cup','function','Ventas',52),
  ('cup','function','Control de calidad',51),
  ('cup','function','Ingeniería',48),
  ('cup','function','Tecnología de la información',44),
  ('cup','function','Administración',37),
  ('cun','seniority','Con experiencia',702),
  ('cun','seniority','Sin experiencia',669),
  ('cun','seniority','Gerente',249),
  ('cun','seniority','Director',112),
  ('cun','seniority','Socio',50),
  ('cun','seniority','Propietario',50),
  ('cun','seniority','Vicepresidente',47),
  ('cun','seniority','Directivo',38),
  ('cun','function','Operaciones',308),
  ('cun','function','Desarrollo empresarial',254),
  ('cun','function','Ventas',189),
  ('cun','function','Contabilidad',131),
  ('cun','function','Finanzas',94),
  ('cun','function','Administración',89),
  ('cun','function','Tecnología de la información',85),
  ('cun','function','Ingeniería',61),
  ('cuna','seniority','Con experiencia',379),
  ('cuna','seniority','Sin experiencia',266),
  ('cuna','seniority','Gerente',99),
  ('cuna','seniority','Director',72),
  ('cuna','seniority','Vicepresidente',56),
  ('cuna','seniority','Directivo',44),
  ('cuna','seniority','Propietario',22),
  ('cuna','seniority','Socio',11),
  ('cuna','function','Operaciones',162),
  ('cuna','function','Desarrollo empresarial',132),
  ('cuna','function','Contabilidad',76),
  ('cuna','function','Ventas',52),
  ('cuna','function','Servicios comunitarios',51),
  ('cuna','function','TI',43),
  ('cuna','function','Control calidad',38),
  ('cuna','function','Gestión proyectos',35),
  ('ps','seniority','Con experiencia',1595),
  ('ps','seniority','Sin experiencia',1418),
  ('ps','seniority','Gerente',321),
  ('ps','seniority','Director',304),
  ('ps','seniority','Vicepresidente',147),
  ('ps','seniority','Directivo',108),
  ('ps','seniority','Propietario',82),
  ('ps','seniority','Formación',51),
  ('ps','function','Desarrollo empresarial',558),
  ('ps','function','Operaciones',424),
  ('ps','function','TI',317),
  ('ps','function','Ingeniería',285),
  ('ps','function','Ventas',273),
  ('ps','function','Contabilidad',187),
  ('ps','function','Servicios sociales',166),
  ('ps','function','Arte y diseño',160),
  ('pia','seniority','Con experiencia',2541),
  ('pia','seniority','Sin experiencia',2381),
  ('pia','seniority','Gerente',516),
  ('pia','seniority','Director',379),
  ('pia','seniority','Vicepresidente',126),
  ('pia','seniority','Propietario',118),
  ('pia','seniority','Formación',113),
  ('pia','seniority','Directivo',106),
  ('pia','function','Desarrollo empresarial',788),
  ('pia','function','Operaciones',775),
  ('pia','function','Servicios sociales',555),
  ('pia','function','Investigación',352),
  ('pia','function','Gestión proyectos',346),
  ('pia','function','Ventas',307),
  ('pia','function','TI',303),
  ('pia','function','Educación',292),
  ('tlr','seniority','Con experiencia',122),
  ('tlr','seniority','Sin experiencia',121),
  ('tlr','seniority','Gerente',40),
  ('tlr','seniority','Vicepresidente',20),
  ('tlr','seniority','Director',17),
  ('tlr','seniority','Directivo',8),
  ('tlr','seniority','Propietario',5),
  ('tlr','seniority','Formación',1),
  ('tlr','function','Ventas',52),
  ('tlr','function','Desarrollo empresarial',48),
  ('tlr','function','Operaciones',48),
  ('tlr','function','Investigación',35),
  ('tlr','function','Tecnología de la información',19),
  ('tlr','function','Control de calidad',16),
  ('tlr','function','Contabilidad',15),
  ('tlr','function','Ingeniería',15),
  ('bel','seniority','Con experiencia',160),
  ('bel','seniority','Sin experiencia',142),
  ('bel','seniority','Director',77),
  ('bel','seniority','Directivo',50),
  ('bel','seniority','Vicepresidente',47),
  ('bel','seniority','Gerente',43),
  ('bel','seniority','Propietario',30),
  ('bel','seniority','Socio',7),
  ('bel','function','Desarrollo empresarial',125),
  ('bel','function','Operaciones',90),
  ('bel','function','Ventas',59),
  ('bel','function','Investigación',44),
  ('bel','function','Gestión de proyectos',24),
  ('bel','function','Educación',19),
  ('bel','function','Ingeniería',16),
  ('bel','function','Medios de comunicación',16);
